{"bounds": [[7054.334075873615, 1214.625371958951], [7025.77872982741, 1212.4928856953316], [6995.9490772492745, 1211.9244586797904], [7014.282410373043, 1135.9285574262017], [7062.372178006199, 1159.878496987436], [7068.508094313919, 1159.526364854028], [7077.585664319031, 1159.992247435131], [7077.677040076491, 1169.113364300809], [7076.290276170684, 1185.5043047896806], [7077.192762958999, 1197.7992604900128], [7078.954442601406, 1207.704446384054], [7078.780497710895, 1210.379392144432], [7077.463334172065, 1213.5086114293304], [7075.861521081434, 1215.4992177603817], [7073.230787864753, 1217.8872817340061], [7069.915484282855, 1219.0794465151434], [7066.715484187255, 1219.1902953747406], [7058.691170141703, 1218.4981813552931], [7053.967641175574, 1218.1808080243957], [7054.334075873615, 1214.625371958951]], "obstacles": [[[7019.211567009941, 1198.1383899831828], [7019.686094466074, 1198.044000603497], [7020.088379418612, 1197.7752023918542], [7020.357177630255, 1197.3729174393156], [7020.451567009941, 1196.8983899831828], [7020.357177630255, 1196.42386252705], [7020.088379418612, 1196.0215775745114], [7019.686094466074, 1195.7527793628688], [7019.211567009941, 1195.6583899831828], [7018.737039553808, 1195.7527793628688], [7018.33475460127, 1196.0215775745114], [7018.065956389627, 1196.42386252705], [7017.971567009941, 1196.8983899831828], [7018.065956389627, 1197.3729174393156], [7018.33475460127, 1197.7752023918542], [7018.737039553808, 1198.044000603497], [7019.211567009941, 1198.1383899831828]], [[7039.698723004661, 1174.8856113199495], [7051.36078851337, 1169.4323964584253], [7063.116536993917, 1185.7217261949486], [7054.882369037075, 1191.4057080991233], [7051.219521202805, 1197.3216553195598], [7039.338521953283, 1192.643384363953], [7024.949116226877, 1182.271148328146], [7030.785834629753, 1173.7390001657263], [7035.807257306799, 1180.9152106932922], [7039.698723004661, 1174.8856113199495]], [[7027.350621670895, 1161.5158575625603], [7027.848393974195, 1161.4997302963282], [7028.344078447465, 1161.4514161409916], [7028.835596017765, 1161.3711177429077], [7029.320885089589, 1161.2591719014642], [7029.79791019192, 1161.116048156424], [7030.2646705157, 1160.9423468185128], [7030.719208305923, 1160.738796451507], [7031.159617073131, 1160.5062508163849], [7031.584049589902, 1160.2456852903554], [7031.990725638761, 1159.9581927757877], [7032.377939479029, 1159.6449791161983], [7032.744067001293, 1159.3073580385253], [7033.087572539486, 1158.9467456429002], [7033.407015312006, 1158.5646544630315], [7033.701055464848, 1158.1626871221138], [7033.968459691427, 1157.7425296108684], [7034.208106405486, 1157.3059442159129], [7034.418990445424, 1156.8547621281173], [7034.600227290291, 1156.3908757619552], [7034.751056769773, 1155.9162308180578], [7034.8708462526165, 1155.4328181222709], [7034.959093300103, 1154.942665275438], [7035.015427773445, 1154.4478281489394], [7035.039613386283, 1153.9503822616514], [7035.031548695755, 1153.4524140745002], [7034.991267527973, 1152.9560122391185], [7034.918938836155, 1152.463258837316], [7034.814865991968, 1151.9762206481037], [7034.679485513091, 1151.4969404789051], [7034.5133652323, 1151.027428597311], [7034.317201915783, 1150.56965429932], [7034.09181834066, 1150.125537649426], [7033.838159843974, 1149.6969414271996], [7033.55729035761, 1149.2856633141448], [7033.2503879458045, 1148.8934283535968], [7032.918739863928, 1148.5218817152916], [7032.563737159292, 1148.1725817949518], [7032.186868836612, 1147.8469936778338], [7031.789715612605, 1147.5464829936502], [7031.373943285911, 1147.2723101886459], [7030.941295750161, 1147.0256252388465], [7030.493587679475, 1146.8074628266604], [7030.032696917092, 1146.6187380010615], [7029.560556599038, 1146.4602423395547], [7029.079147045889, 1146.3326406280255], [7028.590487456613, 1146.2364680723967], [7028.096627439347, 1146.172128053789], [7027.599638414633, 1146.1398904366004], [7027.101604927157, 1146.1398904366004], [7026.604615902443, 1146.172128053789], [7026.110755885176, 1146.2364680723967], [7025.6220962959005, 1146.3326406280255], [7025.140686742751, 1146.4602423395547], [7024.6685464246975, 1146.6187380010615], [7024.207655662314, 1146.8074628266604], [7023.759947591629, 1147.0256252388465], [7023.327300055878, 1147.2723101886459], [7022.911527729185, 1147.5464829936502], [7022.514374505177, 1147.8469936778338], [7022.137506182497, 1148.1725817949518], [7021.782503477862, 1148.5218817152916], [7021.450855395985, 1148.8934283535968], [7021.143952984179, 1149.2856633141448], [7020.863083497816, 1149.6969414271996], [7020.609425001129, 1150.125537649426], [7020.384041426007, 1150.56965429932], [7020.187878109489, 1151.027428597311], [7020.021757828698, 1151.4969404789051], [7019.8863773498215, 1151.9762206481037], [7019.782304505635, 1152.463258837316], [7019.7099758138165, 1152.9560122391185], [7019.669694646034, 1153.4524140745002], [7019.661629955506, 1153.9503822616514], [7019.685815568345, 1154.4478281489394], [7019.742150041687, 1154.942665275438], [7019.830397089173, 1155.4328181222709], [7019.950186572017, 1155.9162308180578], [7020.101016051499, 1156.3908757619552], [7020.282252896365, 1156.8547621281173], [7020.493136936303, 1157.3059442159129], [7020.732783650363, 1157.7425296108684], [7021.000187876942, 1158.1626871221138], [7021.294228029784, 1158.5646544630315], [7021.613670802303, 1158.9467456429002], [7021.9571763404965, 1159.3073580385253], [7022.32330386276, 1159.6449791161983], [7022.710517703028, 1159.9581927757877], [7023.1171937518875, 1160.2456852903554], [7023.541626268659, 1160.5062508163849], [7023.982035035867, 1160.738796451507], [7024.436572826089, 1160.9423468185128], [7024.9033331498695, 1161.116048156424], [7025.3803582522005, 1161.2591719014642], [7025.865647324024, 1161.3711177429077], [7026.357164894324, 1161.4514161409916], [7026.852849367595, 1161.4997302963282], [7027.350621670895, 1161.5158575625603]]], "path": [], "start": [7027.094629149178, 1145.1046613784617, 0.4620667595148382], "goal": [7058.992987869816, 1199.2493348963171, 4.311670167802288]}